Title,Year,Rated,Runtime,Genre,Lead_1,Lead_1_Male,Lead_2,Lead_2_Male,Plot,Poster,Metascore,imdbID,BoxOffice
Avatar,2009,PG-13,162,Action,Sam Worthington,TRUE,Zoe Saldana,FALSE,"When his brother is killed in a robbery, paraplegic Marine Jake Sully decides to take his place in a mission on the distant world of Pandora. There he learns of greedy corporate figurehead Parker Selfridge's intentions of driving off the native humanoid ""Na'vi"" in order to mine for the precious material scattered throughout their rich woodland. In exchange for the spinal surgery that will fix his legs, Jake gathers intel for the cooperating military unit spearheaded by gung-ho Colonel Quaritch, while simultaneously attempting to infiltrate the Na'vi people with the use of an ""avatar"" identity. While Jake begins to bond with the native tribe and quickly falls in love with the beautiful alien Neytiri, the restless Colonel moves forward with his ruthless extermination tactics, forcing the soldier to take a stand - and fight back in an epic battle for the fate of Pandora.",https://images-na.ssl-images-amazon.com/images/M/MV5BMTYwOTEwNjAzMl5BMl5BanBnXkFtZTcwODc5MTUwMw@@._V1_SX300.jpg,83,tt0499549,749700000
Transformers: Revenge of the Fallen,2009,PG-13,150,Action,Shia LaBeouf,TRUE,Megan Fox,FALSE,"A youth chooses manhood. The week Sam Witwicky starts college, the Decepticons make trouble in Shanghai. A presidential envoy believes it's because the Autobots are around; he wants them gone. He's wrong: the Decepticons need access to Sam's mind to see some glyphs imprinted there that will lead them to a fragile object that, when inserted in an alien machine hidden in Egypt for centuries, will give them the power to blow out the sun. Sam, his girlfriend Mikaela Banes, and Sam's parents are in danger. Optimus Prime and Bumblebee are Sam's principal protectors. If one of them goes down, what becomes of Sam?",https://ia.media-imdb.com/images/M/MV5BNjk4OTczOTk0NF5BMl5BanBnXkFtZTcwNjQ0NzMzMw@@._V1_SX300.jpg,35,tt1055369,402076689
Harry Potter and the Half-Blood Prince,2009,PG,153,Adventure,Daniel Radcliffe,TRUE,Emma Watson,FALSE,"In the sixth year at Hogwarts School of Witchcraft, and in both wizard and muggle worlds Lord Voldemort and his henchmen are increasingly active. With vacancies to fill at Hogwarts, Professor Dumbledore persuades Horace Slughorn, back from retirement to become the potions teacher, while Professor Snape receives long awaited news. Harry Potter, together with Dumbledore, must face treacherous tasks to defeat his evil nemesis.",https://ia.media-imdb.com/images/M/MV5BNzU3NDg4NTAyNV5BMl5BanBnXkFtZTcwOTg2ODg1Mg@@._V1_SX300.jpg,78,tt0417741,301920409
The Twilight Saga: New Moon,2009,PG-13,130,Adventure,Kristen Stewart,FALSE,Robert Pattinson,TRUE,"After Bella recovers from the vampire attack that almost claimed her life, she looks to celebrate her birthday with Edward and his family. However, a minor accident during the festivities results in Bella's blood being shed, a sight that proves too intense for the Cullens, who decide to leave the town of Forks, Washington for Bella and Edward's sake. Initially heartbroken, Bella finds a form of comfort in reckless living, as well as an even-closer friendship with Jacob Black. Danger in different forms awaits.",https://images-na.ssl-images-amazon.com/images/M/MV5BMTI3MjE3NDIxNF5BMl5BanBnXkFtZTcwODM3NTY5Mg@@._V1_SX300.jpg,44,tt1259571,296593070
Up,2009,PG,96,Animation,Edward Asner,TRUE,Jordan Nagai,TRUE,Carl Fredricksen as a boy wanted to explore South America and find the forbidden Paradise Falls. About 64 years later he gets to begin his journey along with a Boy Scout named Russel with help from 500 balloons. On their journey they discover many new friends including a talking dog and Carl and Russel figure out that someone evil plans. Carl soon realizes that this evildoer is his childhood idol. Will they be able to defeat him and will they find Paradise Falls?,https://ia.media-imdb.com/images/M/MV5BMTk3NDE2NzI4NF5BMl5BanBnXkFtZTgwNzE1MzEyMTE@._V1_SX300.jpg,88,tt1049413,292979556
The Hangover,2009,R,100,Comedy,Zach Galifianakis,TRUE,Bradley Cooper,TRUE,"Angelenos Doug Billings and Tracy Garner are about to get married. Two days before the wedding, the four men in the wedding party - Doug, Doug's two best buddies Phil Wenneck and Stu Price, and Tracy's brother Alan Garner - hop into Tracy's father's beloved Mercedes convertible for a 24-hour stag party to Las Vegas. Phil, a married high school teacher, has the same maturity level as his students when he's with his pals. Stu, a dentist, is worried about everything, especially what his controlling girlfriend Melissa thinks. Because she disapproves of traditional male bonding rituals, Stu has to lie to her about the stag, he telling her that they are going on a wine tasting tour in the Napa Valley. Regardless, he intends on eventually marrying her, against the advice and wishes of his friends. And Alan seems to be unaware of what are considered the social graces of the western world. The morning after their arrival in Las Vegas, they awaken in their hotel suite each with the worst hangover. None remembers what happened in the past twelve or so hours. The suite is in shambles. And certain things are in the suite that shouldn't be, and certain things that should be in the suite are missing. Probably the most important in the latter category is Doug. As Phil, Stu and Alan try to find Doug using only what little pieces of information they have at hand, they go on a journey of discovery of how certain things got into the suite and what happened to the missing items. However they are on a race for time as if they can't find Doug in the next few hours, they are going to have to explain to Tracy why they are not yet back in Los Angeles. And even worse, they may not find Doug at all before the wedding.",https://ia.media-imdb.com/images/M/MV5BNDAxMTZmZGItZmM2NC00M2E1LWI1NmEtZjhhODM2MGU0ZmJlXkEyXkFqcGdeQXVyNzkwMjQ5NzM@._V1_SX300.jpg,73,tt1119646,277313371
Star Trek,2009,PG-13,127,Action,Chris Pine,TRUE,Zachary Quinto,TRUE,"On the day of James Kirk's birth, his father dies on his damaged starship in a last stand against a Romulan mining vessel looking for Ambassador Spock, who in this time, has grown on Vulcan disdained by his neighbors for his half-human heritage. 25 years later, James T. Kirk has grown into a young rebellious troublemaker. Challenged by Captain Christopher Pike to realize his potential in Starfleet, he comes to annoy academy instructors like Commander Spock. Suddenly, there is an emergency on Vulcan and the newly-commissioned USS Enterprise is crewed with promising cadets like Nyota Uhura, Hikaru Sulu, Pavel Chekov and even Kirk himself, thanks to Leonard McCoy's medical trickery. Together, this crew will have an adventure in the final frontier where the old legend is altered forever as a new version of the legend begins.",https://images-na.ssl-images-amazon.com/images/M/MV5BMjE5NDQ5OTE4Ml5BMl5BanBnXkFtZTcwOTE3NDIzMw@@._V1_SX300.jpg,82,tt0796366,257704099
The Blind Side,2009,PG-13,129,Biography,Quinton Aaron,TRUE,Sandra Bullock,FALSE,"Based on the true story of Leigh Anne Tuohy and Sean Tuohy who take in a homeless teenage African-American, Michael Oher. Michael has no idea who his father is and his mother is a drug addict. Michael has had little formal education and few skills to help him learn. Leigh Anne soon takes charge however, as is her nature, ensuring that the young man has every opportunity to succeed. When he expresses an interest in football, she goes all out to help him, including giving the coach a few ideas on how best to use Michael's skills. They not only provide him with a loving home, but hire a tutor to help him improve his grades to the point where he would qualify for an NCAA Division I athletic scholarship. Michael Oher was the first-round pick of the Baltimore Ravens in the 2009 NFL draft.",https://images-na.ssl-images-amazon.com/images/M/MV5BMjEzOTE3ODM3OF5BMl5BanBnXkFtZTcwMzYyODI4Mg@@._V1_SX300.jpg,53,tt0878804,255900000
Alvin and the Chipmunks: The Squeakquel,2009,PG,88,Animation,Jason Lee,TRUE,Zachary Levi,TRUE,"After a concert mishap lands Dave in the hospital, Alvin, Simon, and Theodore end up in the care of Dave's twenty-something cousin Toby. When the Chipmunks put aside their stardom to return to school to win a annual ""Battle of the Bands"" competition to save the school's music program. But the boys meet their match with the Chipettes, Brittany, Jeanette, & Eleanor, who are working for the Chipmunks's ex-manager Ian Hawke. Romantic sparks and crazy mishaps happen when the Chipmunks and Chipettes square off.",https://images-na.ssl-images-amazon.com/images/M/MV5BMjI0NTc3MjU5M15BMl5BanBnXkFtZTcwODM4Nzg2Mg@@._V1_SX300.jpg,41,tt1231580,219304216
Sherlock Holmes,2009,PG-13,128,Action,Robert Downey Jr.,TRUE,Jude Law,TRUE,"After finally catching serial killer and occult ""sorcerer"" Lord Blackwood, legendary sleuth Sherlock Holmes and his assistant Dr. Watson can close yet another successful case. But when Blackwood mysteriously returns from the grave and resumes his killing spree, Holmes must take up the hunt once again. Contending with his partner's new fiancée and the dimwitted head of Scotland Yard, the dauntless detective must unravel the clues that will lead him into a twisted web of murder, deceit, and black magic - and the deadly embrace of temptress Irene Adler.",https://ia.media-imdb.com/images/M/MV5BMTg0NjEwNjUxM15BMl5BanBnXkFtZTcwMzk0MjQ5Mg@@._V1_SX300.jpg,57,tt0988045,208711166
Monsters Vs. Aliens,2009,PG,94,Animation,Reese Witherspoon,FALSE,Rainn Wilson,TRUE,A woman transformed into a giant after she is struck by a meteorite on her wedding day becomes part of a team of monsters sent in by the U.S. government to defeat an alien mastermind trying to take over Earth. ,"https://ia.media-imdb.com/images/M/MV5BMTY0OTQ3MzE3MV5BMl5BanBnXkFtZTcwMDQyMzMzMg@@._V1_UX182_CR0,0,182,268_AL_.jpg",56,tt0892782,198351526
Ice Age: Dawn of the Dinosaurs,2009,PG,94,Animation,Ray Romano,TRUE,John Leguizamo,TRUE,"After the events of ""Ice Age: The Meltdown"", life begins to change for Manny and his friends: Scrat is still on the hunt to hold onto his beloved acorn, while finding a possible romance in a female sabre-toothed squirrel named Scratte. Manny and Ellie, having since become an item, are expecting a baby, which leaves Manny anxious to ensure that everything is perfect for when his baby arrives. Diego is fed up with being treated like a house-cat and ponders the notion that he is becoming too laid-back. Sid begins to wish for a family of his own, and so steals some dinosaur eggs which leads to Sid ending up in a strange underground world where his herd must rescue him, while dodging dinosaurs and facing danger left and right, and meeting up with a one-eyed weasel known as Buck who hunts dinosaurs intently.",https://ia.media-imdb.com/images/M/MV5BMjA4NDI0Mjg4NV5BMl5BanBnXkFtZTcwOTM1NTY0Mg@@._V1_SX300.jpg,50,tt1080016,124605432
X-Men Origins: Wolverine,2009,PG-13,107,Action,Hugh Jackman,TRUE,Liev Schreiber,TRUE,"Two mutant brothers, Logan and Victor, born 200 years ago, suffer childhood trauma and have only each other to depend on. Basically, they're fighters and killers, living from war to war through U.S. history. In modern times, a U.S. colonel, Stryker, recruits them and other mutants as commandos. Logan quits and becomes a logger, falling in love with a local teacher. When Logan refuses to rejoin Stryker's crew, the colonel sends the murderous Victor. Logan now wants revenge.",https://ia.media-imdb.com/images/M/MV5BZWRhMzdhMzEtZTViNy00YWYyLTgxZmUtMTMwMWM0NTEyMjk3XkEyXkFqcGdeQXVyNTIzOTk5ODM@._V1_SX300.jpg,40,tt0458525,179737340
Night at the Museum: Battle of the Smithsonian,2009,PG,105,Adventure,Ben Stiller,TRUE,Owen Wilson,TRUE,"Ben Stiller returns as night watchman Larry Daily, now a successful business man, who gets back to the museum just in time to find that he needs to get his friends out of trouble. This new installment takes us to the Smithsonian, and introduces us to new characters, such as Amelia Earhart, General Custer, and many more!",https://images-na.ssl-images-amazon.com/images/M/MV5BMGZjZDE2NjUtMzVkNy00N2UyLTg5MjYtYzY1ZmM1YWY3ZTZmXkEyXkFqcGdeQXVyNjk1Njg5NTA@._V1_SX300.jpg,42,tt1078912,177118775
2012,2009,PG-13,158,Action,John Cusack,TRUE,Thandie Newton,FALSE,"Dr. Adrian Helmsley, part of a worldwide geophysical team investigating the effect on the earth of radiation from unprecedented solar storms, learns that the earth's core is heating up. He warns U.S. President Thomas Wilson that the crust of the earth is becoming unstable and that without proper preparations for saving a fraction of the world's population, the entire race is doomed. Meanwhile, writer Jackson Curtis stumbles on the same information. While the world's leaders race to build ""arks"" to escape the impending cataclysm, Curtis struggles to find a way to save his family. Meanwhile, volcanic eruptions and earthquakes of unprecedented strength wreak havoc around the world.",https://ia.media-imdb.com/images/M/MV5BMTY0MjEyODQzMF5BMl5BanBnXkFtZTcwMTczMjQ4Mg@@._V1_SX300.jpg,49,tt1190080,166112167
The Proposal,2009,PG-13,108,Comedy,Sandra Bullock,FALSE,Ryan Reynolds,TRUE,"For three years, Andrew Paxton has slaved as the assistant to Margaret Tate, hard-driving editor at a New York publisher. When Margaret, a Canadian, faces deportation for an expired visa, she hatches a scheme to marry Andrew - he agrees if she'll promise a promotion. A skeptical INS agent vows to test the couple about each other the next Monday. Andrew had plans to fly home that weekend for his grandma's 90th, so Margaret goes with him - to Sitka, Alaska - where mom, dad, and grams await. Family dynamics take over: tensions between dad and Andrew, an ex-girlfriend, Andrew's dislike of Margaret, and her past color the next few days, with the INS ready to charge Andrew with fraud.",https://ia.media-imdb.com/images/M/MV5BOGM5YTNiYzktNmEwZC00ZjE5LWIyNzEtOTUwNDE0NmVkYzE3XkEyXkFqcGdeQXVyMTMxODk2OTU@._V1_SX300.jpg,48,tt1041829,163900057
Fast and Furious,2009,PG-13,107,Action,Vin Diesel,TRUE,Paul Walker,TRUE,"Brian O'Conner, back working for the FBI in Los Angeles, teams up with Dominic Toretto to bring down a heroin importer by infiltrating his operation. ","https://ia.media-imdb.com/images/M/MV5BYjQ1ZTMxNzgtZDcxOC00NWY5LTk3ZjAtYzRhMDhlNDZlOWEzXkEyXkFqcGdeQXVyNzkwMjQ5NzM@._V1_UX182_CR0,0,182,268_AL_.jpg",46,tt1013752,155064265
G.I. Joe: The Rise of Cobra,2009,PG-13,118,Action,Dennis Quaid,TRUE,Channing Tatum,TRUE,"Two soldiers stationed in Kazahkstan (Captain Duke Hauser and his partner ""Ripcord"") are ordered to transport special warheads created by MARS, an arms' manufacturer controlled by James McCullen. When they are attacked by thieves (led by Anastasia DeCobray, with whom Duke has history), they are saved by a top secret, international special forces unit known as ""G.I. Joe"". The leader of G.I. Joe, General Abernathy (or Hawk) is on the trail of the thieves: an evil organization called ""Cobra"". While Duke and Ripcord train to join the Joes, McCullen (""Destro"") is secretly working for Cobra and plotting to recapture his metal-eating ""Nanomite"" warheads. Duke and Ripcord (with help from Heavy Duty, Snake Eyes, and the rest of the Joes) must prove that they are Real American Heroes -- by stopping the launch of these warheads before Cobra uses them to take over the world.",https://ia.media-imdb.com/images/M/MV5BMTQzMTU1NzQwNl5BMl5BanBnXkFtZTcwNDg4NzMzMw@@._V1_SX300.jpg,32,tt1046173,150167630
Paul Blart: Mall Cop,2009,PG,91,Action,Kevin James,TRUE,Keir O'Donnell,TRUE,"Paul Blart is a mild-mannered man who works as a security guard in a New Jersey mall. For years, he has applied to become a cop, but he always fails the physical exam because he is overweight. One day, a gang of organized criminals put the mall under siege and take hostages. Blart becomes trapped inside, and because of his sense of duty, refuses to leave. He thus becomes the police department's eyes on the inside and attempts to stop the criminals on his own.",https://ia.media-imdb.com/images/M/MV5BMTM2NzA1MzE1NF5BMl5BanBnXkFtZTcwOTYyNDIzMg@@._V1_SX300.jpg,39,tt1114740,146336178
Taken,2009,PG-13,93,Action,Liam Neeson,TRUE,Robert Mark Kamen,TRUE,"A retired CIA agent travels across Europe and relies on his old skills to save his estranged daughter, who has been kidnapped while on a trip to Paris.","https://ia.media-imdb.com/images/M/MV5BMTM4NzQ0OTYyOF5BMl5BanBnXkFtZTcwMDkyNjQyMg@@._V1_UX182_CR0,0,182,268_AL_.jpg",50,tt0936501,145000989
A Christmas Carol,2009,PG,96,Animation,Jim Carrey,TRUE,Gary Oldman,TRUE,"Miser Ebenezer Scrooge is awakened on Christmas Eve by spirits who reveal to him his own miserable existence, what opportunities he wasted in his youth, his current cruelties, and the dire fate that awaits him if he does not change his ways. Scrooge is faced with his own story of growing bitterness and meanness, and must decide what his own future will hold: death or redemption.",https://ia.media-imdb.com/images/M/MV5BMTM1MTI5ODU4MV5BMl5BanBnXkFtZTcwNTYyNTU4Mg@@._V1_SX300.jpg,55,tt1067106,137816456
Angels & Demons,2009,PG-13,138,Mystery,Tom Hanks,TRUE,Ewan McGregor,TRUE,"Following the murder of a physicist, Father Silvano Bentivoglio, a symbolist, Robert Langdon, and a scientist, Vittoria Vetra, are on an adventure involving a secret brotherhood, the Illuminati. Clues lead them all around the Vatican, including the four altars of science, Earth, Air, Fire and Water. An assassin, working for the Illuminati, has captured four cardinals, and murders each, painfully. Robert and Vittoria also are searching for a new very destructive weapon that could kill millions.",https://ia.media-imdb.com/images/M/MV5BMjEzNzM2MjgxMF5BMl5BanBnXkFtZTcwNTQ1MTM0Mg@@._V1_SX300.jpg,48,tt0808151,133375846
Terminator Salvation,2009,PG-13,115,Action,Christian Bale,TRUE,Sam Worthington,TRUE,"In 2003, in the Longview State Correctional Facility, the criminal Marcus Wright is on death row, and is convinced by the cancerous Dr. Serena Kogan to donate his body to her research and he accepts. In 2018, after an unsuccessful attack to a Skynet facility, only John Connor survives, but he discovers that Skynet is developing the powerful new model T-800. Out of the blue, Marcus appears naked and with amnesia in the location. Marcus befriends the teenager Kyle Reese and the girl Star who help him to survive the lethal machines and they travel together in a Jeep. Meanwhile the resistance discovers a signal that might turn-off the machines and John offers to test it. When Kyle is captured by a machine and brought to the Skynet headquarters, Marcus decides to help the youngster and heads to Skynet; on the way, he saves Blair Williams who suggests to him that he should meet John Connor first. But Marcus steps on a mine and is submitted to surgery, when a secret about his origins is disclosed.",https://ia.media-imdb.com/images/M/MV5BODE1MTM1MzA2NF5BMl5BanBnXkFtZTcwODQ5MTA2Mg@@._V1_SX300.jpg,49,tt0438488,125286889
Cloudy with a Chance of Meatballs,2009,PG,90,Animation,Anna Faris,FALSE,Bill Hader,TRUE,"Flint Lockwood thinks he's a genius. But none of the things he invented are things that make sense or are useful. However, he has the support of his mother but when she dies, he's left alone with his father who thinks he should give it up. When the community that he lives in is in an economic crisis because their primary source of income, a sardine cannery, was shut down, Flint decides to try his latest invention, a machine that can turn water into food. But something goes wrong and the machine ends up in the atmosphere. Later it starts raining food. The shifty mayor tries to use this as a way to help their community, but when Flint senses something wrong with the machine, the mayor convinces him to ignore it. However, as Flint predicts, chaos ensues.",https://ia.media-imdb.com/images/M/MV5BMTg0MjAwNDI5MV5BMl5BanBnXkFtZTcwODkyMzg2Mg@@._V1_SX300.jpg,66,tt0844471,124870275
Inglourious Basterds,2009,R,153,Adventure,Brad Pitt,TRUE,Diane Kruger,FALSE,"In German-occupied France, young Jewish refugee Shosanna Dreyfus witnesses the slaughter of her family by Colonel Hans Landa. Narrowly escaping with her life, she plots her revenge several years later when German war hero Fredrick Zoller takes a rapid interest in her and arranges an illustrious movie premiere at the theater she now runs. With the promise of every major Nazi officer in attendance, the event catches the attention of the ""Basterds"", a group of Jewish-American guerrilla soldiers led by the ruthless Lt. Aldo Raine. As the relentless executioners advance and the conspiring young girl's plans are set in motion, their paths will cross for a fateful evening that will shake the very annals of history.",https://ia.media-imdb.com/images/M/MV5BOTJiNDEzOWYtMTVjOC00ZjlmLWE0NGMtZmE1OWVmZDQ2OWJhXkEyXkFqcGdeQXVyNTIzOTk5ODM@._V1_SX300.jpg,69,tt0361748,120523073
G-Force,2009,PG,88,Animation,Will Arnett,TRUE,Penélope Cruz,FALSE,"The story is about a team of trained secret agent flies and a mole that takes on a mission for the US government. A specially trained squad of not guinea pigs is dispatched to stop a diabolical billionaire, who plans to taking over the world with household appliances.",https://ia.media-imdb.com/images/M/MV5BMTM4NTY3MzY2MV5BMl5BanBnXkFtZTcwMDQ1NTM2Mg@@._V1_SX300.jpg,41,tt0436339,119420252
District 9,2009,R,112,Sci-Fi,Sharlto Copley,TRUE,David James,TRUE,"In 1982, a massive star ship bearing a bedraggled alien population, nicknamed ""The Prawns,"" appeared over Johannesburg, South Africa. Twenty-eight years later, the initial welcome by the human population has faded. The refugee camp where the aliens were located has deteriorated into a militarized ghetto called District 9, where they are confined and exploited in squalor. In 2010, the munitions corporation, Multi-National United, is contracted to forcibly evict the population with operative Wikus van der Merwe in charge. In this operation, Wikus is exposed to a strange alien chemical and must rely on the help of his only two new 'Prawn' friends.",https://ia.media-imdb.com/images/M/MV5BYmQ5MzFjYWMtMTMwNC00ZGU5LWI3YTQtYzhkMGExNGFlY2Q0XkEyXkFqcGdeQXVyNTIzOTk5ODM@._V1_SX300.jpg,81,tt1136608,115646235
It's Complicated,2009,R,120,Comedy,Meryl Streep,FALSE,Steve Martin,TRUE,"When brought together at a family event, two exes find themselves oddly attracted to each other after ten years of divorce. Although the couple think that this affair will stay in a different state, it brings itself back to their own city and disrupts their personal lives. While the couple still maintain other romances, they cannot help but to continue with their affair.",https://ia.media-imdb.com/images/M/MV5BMjQ0NjM2NTI4N15BMl5BanBnXkFtZTcwNjQ2MDc5Mg@@._V1_SX300.jpg,57,tt1230414,112703470
Couples Retreat,2009,PG-13,113,Comedy,Vince Vaughn,TRUE,Malin Akerman,FALSE,"Dave and Ronnie, Jason and Cynthia, and Joey and Lucy are close. The group used to include Shane and Jennifer, but they divorced and she's gone. Jason and Cynthia announce that their marriage is in trouble, and they beg their friends (and Shane's young girlfriend) to join them on a couples' retreat, at the package rate, on a tropical island. The others reluctantly agree, planning to play while Jason and Cynthia work on their marriage with an island psychologist. To everyone's surprise, the package is inflexible: each couple must participate in the couples' exercises. Soon fault lines appear in all four relationships. What's in store for each couple?",https://ia.media-imdb.com/images/M/MV5BMTQxMjI1Nzc0M15BMl5BanBnXkFtZTcwMTc0Mzg2Mg@@._V1_SX300.jpg,23,tt1078940,109176215
Paranormal Activity,2009,R,86,Horror,Katie Featherston,FALSE,Micah Sloat,TRUE,"After moving into a suburban home, a couple becomes increasingly disturbed by a nightly demonic presence. ","https://ia.media-imdb.com/images/M/MV5BMjY1NjcxODQ4MV5BMl5BanBnXkFtZTcwMzUxNjM4Mg@@._V1_UX182_CR0,0,182,268_AL_.jpg",68,tt1179904,107918810
Watchmen,2009,R,162,Action,Jackie Earle Haley,TRUE,Patrick Wilson,TRUE,"In a gritty and alternate 1985 the glory days of costumed vigilantes have been brought to a close by a government crackdown, but after one of the masked veterans is brutally murdered an investigation into the killer is initiated. The reunited heroes set out to prevent their own destruction, but in doing so discover a deeper and far more diabolical plot.",https://ia.media-imdb.com/images/M/MV5BY2IzNGNiODgtOWYzOS00OTI0LTgxZTUtOTA5OTQ5YmI3NGUzXkEyXkFqcGdeQXVyNjU0OTQ0OTY@._V1_SX300.jpg,56,tt0409459,107453620
The Princess and the Frog,2009,G,97,Animation,Anika Noni Rose,FALSE,Keith David,TRUE,"A modern day retelling of the classic story The Frog Prince. The Princess and the Frog finds the lives of arrogant, carefree Prince Naveen and hardworking waitress Tiana crossing paths. Prince Naveen is transformed into a frog by a conniving voodoo magician and Tiana, following suit, upon kissing the amphibian royalty. With the help of a trumpet-playing alligator, a Cajun firefly, and an old blind lady who lives in a boat in a tree, Naveen and Tiana must race to break the spell and fulfill their dreams.",https://images-na.ssl-images-amazon.com/images/M/MV5BMjEyOTQ5NzAzNl5BMl5BanBnXkFtZTcwMTcyNTU1Mg@@._V1_SX300.jpg,73,tt0780521,104374107
Public Enemies,2009,R,140,Biography,Christian Bale,TRUE,Johnny Depp,TRUE,"This is the story of the last few years of the notorious bank robber John Dillinger. He loved what he did and could imagine little else that would make him happier. Living openly in 1930s Chicago, he had the run of the city with little fear of reprisals from the authorities. It's there that he meets Billie Frechette with whom he falls deeply in love. In parallel we meet Melvin Purvis, the FBI agent who would eventually track Dillinger down. The FBI was is in its early days and Director J. Edgar Hoover was keen to promote the clean cut image that so dominated the organization through his lifetime. Purvis realizes that if he is going to get Dillinger, he will have to use street tactics and imports appropriate men with police training. Dillinger is eventually betrayed by an acquaintance who tells the authorities just where to find him on a given night.",https://ia.media-imdb.com/images/M/MV5BMjA3NDI0NzM2MV5BMl5BanBnXkFtZTcwODk5MTk2Mg@@._V1_SX300.jpg,70,tt1152836,97000000
Julie & Julia,2009,PG-13,118,Biography,Amy Adams,FALSE,Meryl Streep,FALSE,"Julia Child and Julie Powell - both of whom wrote memoirs - find their lives intertwined. Though separated by time and space, both women are at loose ends... until they discover that with the right combination of passion, fearlessness and butter, anything is possible.",https://ia.media-imdb.com/images/M/MV5BMzA4NjA2NjI2NV5BMl5BanBnXkFtZTcwOTEzNzI2Mg@@._V1_SX300.jpg,66,tt1135503,94125426
He's Just Not That Into You,2009,PG-13,129,Comedy,Ginnifer Goodwin,FALSE,Jennifer Aniston,FALSE,"The needy Gigi Haim is a young woman seeking her prince charming somewhere amongst her unsuccessful dates. After dating estate agent Conor Barry, Gigi anxiously expects to receive a phone call from him. However Conor never calls her. Gigi decides to go to the bar where he frequents to see him, but she meets his friend Alex who works there. They become friends and Alex helps Gigi to interpret the subtle signs given out by her dates.",https://ia.media-imdb.com/images/M/MV5BMTY5MTUyNDgwMF5BMl5BanBnXkFtZTcwNzYzMDQyMg@@._V1_SX300.jpg,47,tt1001508,93800000
Tyler Perry's Madea Goes to Jail,2009,PG-13,103,Comedy,Tyler Perry,TRUE,Keshia Knight Pulliam,FALSE,"Mischievous grandma Madea lands in jail, where she meets a variety of mixed-up characters. ","https://ia.media-imdb.com/images/M/MV5BMTk1Nzg0MDIxM15BMl5BanBnXkFtZTcwMjk5ODkyMg@@._V1_UX182_CR0,0,182,268_AL_.jpg",50,tt1142800,90485233
The Ugly Truth,2009,R,96,Comedy,Katherine Heigl,FALSE,Gerard Butler,TRUE,"A romantically challenged morning show producer is reluctantly embroiled in a series of outrageous tests by her chauvinistic correspondent to prove his theories on relationships and help her find love. His clever ploys, however, lead to an unexpected result.",https://ia.media-imdb.com/images/M/MV5BMTM2MTM2OTUwNl5BMl5BanBnXkFtZTcwNTgwNTE0Mg@@._V1_SX300.jpg,28,tt1142988,88915214
Up in the Air,2009,R,109,Drama,George Clooney,TRUE,Vera Farmiga,FALSE,Ryan Bingham is a corporate downsizing expert whose cherished life on the road is threatened just as he is on the cusp of reaching ten million frequent flyer miles and just after he's met the frequent-traveler woman of his dreams.,https://ia.media-imdb.com/images/M/MV5BMTI3MzYxMTA4NF5BMl5BanBnXkFtZTcwMDE4ODg3Mg@@._V1_SX300.jpg,83,tt1193138,83775048
Knowing,2009,PG-13,121,Drama,Nicolas Cage,TRUE,Chandler Canterbury,TRUE,"In the fall of 1959, for a time capsule, students draw pictures of life as they imagine it will be in 50 years. Lucinda, an odd child who hears voices, swiftly writes a long string of numbers. In 2009, the capsule is opened; student Caleb Koestler gets Lucinda's ""drawing"" and his father John, an astrophysicist and grieving widower, takes a look. He discovers dates of disasters over the past 50 years with the number who died. Three dates remain, all coming soon. He investigates, learns of Lucinda, and looks for her family. He fears for his son, who's started to hear voices and who is visited by a silent stranger who shows him a vision of fire and destruction. What's going on?",https://images-na.ssl-images-amazon.com/images/M/MV5BMTMyMjgyMDIyM15BMl5BanBnXkFtZTcwNjg3MjAyMg@@._V1_SX300.jpg,41,tt0448011,79948113
Hannah Montana: The Movie,2009,G,102,Comedy,Miley Cyrus,FALSE,Emily Osment,FALSE,"As Hannah Montana's popularity begins to take over her life, Miley Stewart, on the urging from her father takes a trip to her hometown of Crowley Corners, Tennessee to get some perspective on what matters in life the most.",https://ia.media-imdb.com/images/M/MV5BMTkxNjUxODY3NF5BMl5BanBnXkFtZTcwMjQyMzMzMg@@._V1_SX300.jpg,47,tt1114677,79478344
Where the Wild Things Are,2009,PG,101,Adventure,Max Records,TRUE,Catherine O'Hara,FALSE,"A young boy named Max has an active imagination, and he will throw fits if others don't go along with what he wants. Max - following an incident with Claire (his sister) and her friends, and following a tantrum which he throws as a result of his Mother paying more attention to her boyfriend than to him - runs away from home. Wearing his wolf costume at the time, Max not only runs away physically, but runs toward a world in his imagination. This world, an ocean away, is inhabited by large wild beasts, including one named Carol who is much like Max himself in temperament. Instead of eating Max like they normally would with creatures of his type, the wild things befriend Max after he proclaims himself a king who can magically solve all their problems.",https://images-na.ssl-images-amazon.com/images/M/MV5BNzQ1NzAwODEwM15BMl5BanBnXkFtZTcwNTE4MjI4Mg@@._V1_SX300.jpg,71,tt0386117,77222184
Zombieland,2009,R,88,Adventure,Jesse Eisenberg,TRUE,Emma Stone,FALSE,"Searching for family. In the early twenty-first century, zombies have taken over America. A shy and inexperienced college student in Texas has survived by following his 30 rules: such as ""look in the back seat,"" ""double-tap,"" ""avoid public restrooms."" He decides to travel to Ohio to see if his parents are alive. He gets a ride with a boisterous zombie-hating good-old boy headed for Florida, and soon they confront a young woman whose sister has been bitten by a zombie and wants to be put out of her misery. The sisters were headed to an LA amusement park they've heard is zombie free. Can the kid from Ohio get to his family? And what about rule thirty one?",https://images-na.ssl-images-amazon.com/images/M/MV5BMTU5MDg0NTQ1N15BMl5BanBnXkFtZTcwMjA4Mjg3Mg@@._V1_SX300.jpg,73,tt1156398,75590286
Coraline,2009,PG,100,Animation,Dakota Fanning,FALSE,Teri Hatcher,FALSE,"When Coraline moves to an old house, she feels bored and neglected by her parents. She finds a hidden door with a bricked up passage. During the night, she crosses the passage and finds a parallel world where everybody has buttons instead of eyes, with caring parents and all her dreams coming true. When the Other Mother invites Coraline to stay in her world forever, the girl refuses and finds that the alternate reality where she is trapped is only a trick to lure her.",https://ia.media-imdb.com/images/M/MV5BMzQxNjM5NzkxNV5BMl5BanBnXkFtZTcwMzg5NDMwMg@@._V1_SX300.jpg,80,tt0327597,75169351
Law Abiding Citizen,2009,R,109,Crime,Gerard Butler,TRUE,Jamie Foxx,TRUE,"Clyde Shelton's family is brutally murdered. The ones responsible are caught. However, because of improper procedure, the D.A., Nick Rice only has circumstantial evidence. So he decides to get one of them to testify against the other. When Shelton learns of this, he is not happy. Ten years later, the one who was convicted is being executed but something goes wrong; his execution goes awry and he suffers. They learn that someone tampered with the machine. And the other one is found dead, killed in a gruesome manner. Rice suspects Shelton, so he has him picked up. At first, Shelton agrees to a plea agreement with Rice but changes his mind. It appears that Shelton is not done, it appears he blames the whole system and is declaring war on it going after everyone involved with his family's case. So Rice has to stop him but Shelton is way ahead of him.",https://images-na.ssl-images-amazon.com/images/M/MV5BMTMyODY1NTg1N15BMl5BanBnXkFtZTcwMTUyODI4Mg@@._V1_SX300.jpg,34,tt1197624,73343413
Hotel for Dogs,2009,PG,100,Comedy,Emma Roberts,FALSE,Jake T. Austin,TRUE,"Animals are strictly forbidden at Andi and her little brother Bruce's foster home. But for Friday, the adorable dog they secretly care for, they're ready to risk everything. They finally find him an ideal shelter, a huge abandoned hotel that Bruce transforms thanks to his engineering genius. In what has become an incredible paradise for dogs, Friday is soon joined by all kinds of furry friends, so many in fact that their barks alert the neighbors...and the local pound, who can't understand the disappearance of all the stray dogs. Andi and Bruce will have to call on all their friends and all their imagination to stop the hotel's secret from being discovered.",https://ia.media-imdb.com/images/M/MV5BMTI5NjkxOTE5MF5BMl5BanBnXkFtZTcwMTcxNTAwMg@@._V1_SX300.jpg,51,tt0785006,73023275
Michael Jackson's This Is It,2009,PG,109,Documentary,Michael Jackson,TRUE,Alex Al,TRUE,"A compilation of interviews, rehearsals and backstage footage of Michael Jackson as he prepared for his series of sold-out shows in London. ","https://ia.media-imdb.com/images/M/MV5BMTI3Njc5NjQ4MV5BMl5BanBnXkFtZTcwNTQ4NTI4Mg@@._V1_UX182_CR0,0,182,268_AL_.jpg",67,tt1477715,72091016
"I Love You, Man",2009,R,105,Comedy,Paul Rudd,TRUE,Jason Segel,TRUE,"Peter Klaven's world revolves around his real estate work and Zooey, his soon-to-be fiancée. After he pops the question, she calls her best friends and they go into wedding planning mode. Peter has no male friends and that poses problems: will he turn out to be a clingy guy, and who will be his best man? Zooey, her friends, and Peter's brother Robbie offer help that results in awkward moments. Then, at an open house Peter's hosting, he meets Sydney, an amiable, low-key guy. They trade business cards, and Peter calls him to meet for drinks. A friendship develops that's great at first but then threatens Peter's engagement and career. Can guys be friends and couples be in love?",https://ia.media-imdb.com/images/M/MV5BMTU4MjI5NTEyNV5BMl5BanBnXkFtZTcwNjQ1NTMzMg@@._V1_SX300.jpg,70,tt1155056,71300000
Obsessed,2009,PG-13,108,Drama,Beyoncé,FALSE,Idris Elba,TRUE,"Derek Charles is a hard working man, employed as a asset manager in a private company. He is very happy with his beautiful wife, Sharon, and only son, and because of his hard work he just got a huge promotion. But suddenly he gets a temporary worker who is both attractive and smart, and Derek is understandably impressed with her and also finds himself physically drawn to her. However, this new girl is desperate to get close to him - at any cost.",https://images-na.ssl-images-amazon.com/images/M/MV5BMjAwOTM2MzE5MF5BMl5BanBnXkFtZTcwMjM0NTcyMg@@._V1_SX300.jpg,25,tt1198138,68261644
Race to Witch Mountain,2009,PG,98,Action,Dwayne Johnson,TRUE,Carla Gugino,FALSE,"In Las Vegas, the regenerated ex-con Jack Bruno works as taxi driver. During an UFO Convention at Planet Hollywood, the skeptical Jack picks up Dr. Alex Friedman, who will present a scientific lecture in the event. Then he is pressed by two henchmen of his former boss, the criminal Wolff, that wants to talk to him, but Jack does not want to return to the crime life. Jack fights and gets rid of them; out of the blue, he finds two teenagers on the backseat of his cab. They tell that they are siblings, Sara and Seth, and they need to travel to a location outside Las Vegas in the middle of nowhere. Meanwhile the government finds a spacecraft that crashed nearby Las Vegas and is chasing the two aliens; after the investigation of the men of Major Henry Burke, they discover that the two siblings are the aliens. Jack Bruno, Sara and Seth are chased by Henry Burke's team and by the ""Syphon"", a killer from outer space that has been sent to kill them by the military of their planet that want to invade Earth. Sara and Seth explain that they traveled to Earth to collect scientific data of an experiment and save Earth from invasion, but they need to return immediately to their planet. Jack teams up with Dr. Alex to retrieve their spacecraft in a secret base in the Witch Mountain.",https://ia.media-imdb.com/images/M/MV5BMzQ5MTM5NTU2NV5BMl5BanBnXkFtZTcwMDAzMjAyMg@@._V1_SX300.jpg,52,tt1075417,67128202
The Final Destination,2009,R,82,Fantasy,Nick Zano,TRUE,Krista Allen,FALSE,"In a car race in McKinley Speedway, twenty-something Nick has a premonition of a deadly car crash with many casualties in the audience and convinces his girlfriend Lori and his friends Hunt and Janet to leave the place. They are followed by the security guard; a racist guy; a mother with her children and a mechanic, that are saved from death. When the racist guy and the mother die in mysterious and creepy incidents, Nick and Lori research and find many similar cases in Internet. They try to lure The Reaper to break the chain of deadly events and survive, but destiny does not help them.",https://ia.media-imdb.com/images/M/MV5BMTQyMzQ5NjI2MF5BMl5BanBnXkFtZTcwNDA5MjM2Mg@@._V1_SX300.jpg,30,tt1144884,66436248
